{"pitch": [-2.9170793047299686, 11.391254536985777, 207.63098600266065, 46.77559025098989], "energy": [-1.431044578552246, 8.184337615966797, 37.32621676949065, 26.044180767782628]}