{"pitch": [-2.391940978513387, 12.936127946368522, 184.40513094925242, 51.558049648042065], "energy": [-1.0697506666183472, 9.391938209533691, 25.226914536603516, 23.539303087863328]}