{"pitch": [-2.9170793047299686, 11.391254536985777, 207.63098600266065, 46.77559025098989], "energy": [-5.285823822021484, 3.969221830368042, 2.861625538585498, 0.5413773414577581]}